{
  "intents": [
    {
      "tag": "greeting",
      "patterns": [
        "Hii",
        "Hey",
        "How are you",
        "Is anyone there?",
        "Hello",
        "Good day"
      ],
      "responses": [
        "Hey :-)",
        "Hello, thanks for visiting",
        "Hi there, what can I do for you?",
        "Hi there, how can I help?"
      ]
    },
    {
      "tag": "goodbye",
      "patterns": ["Bye", "See you later", "Goodbye"],
      "responses": [
        "See you later, thanks for visiting",
        "Have a nice day",
        "Bye! Come back again soon."
      ]
    },
    {
      "tag": "thanks",
      "patterns": ["Thanks", "Thank you", "That's helpful", "Thank's a lot!"],
      "responses": ["Happy to help!", "Any time!", "My pleasure"]
    },
    {
      "tag": "items",
      "patterns": [
        "Which service do you provide?",
        "Which service do you provide",
        "Services",
        "What kind of service do you provide"
      ],
      "responses": [
        "Our portal provide you to detect disease based no your symptoms we also provide you docter and connect with our doctor"
      ]
    },
    {
      "tag": "payments",
      "patterns": [
        "Do you take credit cards?",
        "Do you accept Mastercard?",
        "Can I pay with Gpay?",
        "Are you cash only?",
        "Payment"
      ],
      "responses": [
        "We accept Credit and Gpay"
      ]
    },
    {
      "tag": "Works",
      "patterns": [
        "How does your website works?",
        "website works",
        "website functionality",
        "what does your website do"
      ],
      "responses": [
        "Our Website works on you give 5 symtoms and we will predict your disease and if the sivarity is high then we will provide you with our doctor"
      ]
    },
    {
      "tag": "funny",
      "patterns": [
        "Tell me a joke!",
        "Tell me something funny!",
        "Do you know a joke?"
      ],
      "responses": [
        "Why did the hipster burn his mouth? He drank the coffee before it was cool.",
        "What did the buffalo say when his son left for college? Bison."
      ]
    }
  ]
}
